Date,Visitor,Away Odds,Home,Home Odds,OT,Prediction,Result
2019-10-02,Vancouver Canucks,250.0,Edmonton Oilers,-300.0,,Vancouver,Edmonton Oilers
2019-10-02,Washington Capitals,130.0,St. Louis Blues,-150.0,OT,Washington,Washington Capitals
2019-10-02,Ottawa Senators,110.0,Toronto Maple Leafs,-130.0,,Toronto,Toronto Maple Leafs
2019-10-02,San Jose Sharks,160.0,Vegas Golden Knights,-180.0,,Vegas,Vegas Golden Knights
2019-10-03,Arizona Coyotes,-105.0,Anaheim Ducks,-115.0,,Anaheim,Anaheim
2019-10-03,Boston Bruins,-110.0,Dallas Stars,-110.0,,Dallas,Boston
2019-10-03,Buffalo Sabres,160.0,Pittsburgh Penguins,-180.0,,Pittsburgh,Buffalo
2019-10-03,Calgary Flames,110.0,Colorado Avalanche,-130.0,,Calgary,Colorado
2019-10-03,Florida Panthers,155.0,Tampa Bay Lightning,-175.0,,Tampa Bay,Tampa Bay
2019-10-03,Minnesota Wild,145.0,Nashville Predators,-165.0,,Nashville,Nashville
2019-10-03,Montreal Canadiens,130.0,Carolina Hurricanes,-150.0,,Carolina,Carolina
2019-10-03,Winnipeg Jets,100.0,New York Rangers,-120.0,,Winnipeg,New York Rangers
2019-10-04,Toronto Maple Leafs,,Columbus Blue Jackets,,,Toronto,Toronto
2019-10-04,Winnipeg Jets,,New Jersey Devils,,SO,Winnipeg, New Jersey
2019-10-04,Washington Capitals,,New York Islanders,,,Washington,Washington
2019-10-04,Chicago Blackhawks,,Philadelphia Flyers,,,Philadelphia,Philadelphia
2019-10-04,Vegas Golden Knights,,San Jose Sharks,,,Vegas,Vegas
2019-10-05,Boston Bruins,-135.0,Arizona Coyotes,115.0,,Boston,
2019-10-05,Carolina Hurricanes,-105.0,Washington Capitals,-115.0,,Washington,
2019-10-05,Columbus Blue Jackets,160.0,Pittsburgh Penguins,-180.0,,Pittsburgh,
2019-10-05,Dallas Stars,120.0,St. Louis Blues,-140.0,,Dallas,
2019-10-05,Detroit Red Wings,200.0,Nashville Predators,-240.0,,Detroit,
2019-10-05,Los Angeles Kings,130.0,Edmonton Oilers,-150.0,,Los Angeles,
2019-10-05,Minnesota Wild,145.0,Colorado Avalanche,-165.0,,Colorado,
2019-10-05,Montreal Canadiens,145.0,Toronto Maple Leafs,-165.0,,Montreal,
2019-10-05,New Jersey Devils,-125.0,Buffalo Sabres,105.0,,New Jersey,
2019-10-05,New York Rangers,-105.0,Ottawa Senators,-115.0,,Ottawa,
2019-10-05,San Jose Sharks,-110.0,Anaheim Ducks,-110.0,,Anaheim,
2019-10-05,Tampa Bay Lightning,-120.0,Florida Panthers,100.0,,Tampa Bay,
2019-10-05,Vancouver Canucks,165.0,Calgary Flames,-185.0,,Calgary,
2019-10-06,Tampa Bay Lightning,,Carolina Hurricanes,,,,
2019-10-06,Dallas Stars,,Detroit Red Wings,,,,
2019-10-06,Winnipeg Jets,,New York Islanders,,,,
2019-10-07,Buffalo Sabres,,Columbus Blue Jackets,,,,
2019-10-07,St. Louis Blues,,Toronto Maple Leafs,,,,
2019-10-08,Los Angeles Kings,,Calgary Flames,,,,
2019-10-08,Anaheim Ducks,,Detroit Red Wings,,,,
2019-10-08,Carolina Hurricanes,,Florida Panthers,,,,
2019-10-08,San Jose Sharks,,Nashville Predators,,,,
2019-10-08,Edmonton Oilers,,New York Islanders,,,,
2019-10-08,Winnipeg Jets,,Pittsburgh Penguins,,,,
2019-10-08,Boston Bruins,,Vegas Golden Knights,,,,
2019-10-08,Dallas Stars,,Washington Capitals,,,,
2019-10-09,Montreal Canadiens,,Buffalo Sabres,,,,
2019-10-09,New Jersey Devils,,Philadelphia Flyers,,,,
2019-10-09,Los Angeles Kings,,Vancouver Canucks,,,,
2019-10-10,Vegas Golden Knights,,Arizona Coyotes,,,,
2019-10-10,San Jose Sharks,,Chicago Blackhawks,,,,
2019-10-10,Boston Bruins,,Colorado Avalanche,,,,
2019-10-10,Calgary Flames,,Dallas Stars,,,,
2019-10-10,Detroit Red Wings,,Montreal Canadiens,,,,
2019-10-10,Edmonton Oilers,,New Jersey Devils,,,,
2019-10-10,Washington Capitals,,Nashville Predators,,,,
2019-10-10,St. Louis Blues,,Ottawa Senators,,,,
2019-10-10,Anaheim Ducks,,Pittsburgh Penguins,,,,
2019-10-10,Tampa Bay Lightning,,Toronto Maple Leafs,,,,
2019-10-10,Minnesota Wild,,Winnipeg Jets,,,,
2019-10-11,Florida Panthers,,Buffalo Sabres,,,,
2019-10-11,New York Islanders,,Carolina Hurricanes,,,,
2019-10-11,Anaheim Ducks,,Columbus Blue Jackets,,,,
2019-10-12,New Jersey Devils,,Boston Bruins,,,,
2019-10-12,Columbus Blue Jackets,,Carolina Hurricanes,,,,
2019-10-12,Winnipeg Jets,,Chicago Blackhawks,,,,
2019-10-12,Arizona Coyotes,,Colorado Avalanche,,,,
2019-10-12,Washington Capitals,,Dallas Stars,,,,
2019-10-12,Toronto Maple Leafs,,Detroit Red Wings,,,,
2019-10-12,Nashville Predators,,Los Angeles Kings,,,,
2019-10-12,Pittsburgh Penguins,,Minnesota Wild,,,,
2019-10-12,St. Louis Blues,,Montreal Canadiens,,,,
2019-10-12,Florida Panthers,,New York Islanders,,,,
2019-10-12,Edmonton Oilers,,New York Rangers,,,,
2019-10-12,Tampa Bay Lightning,,Ottawa Senators,,,,
2019-10-12,Philadelphia Flyers,,Vancouver Canucks,,,,
2019-10-12,Calgary Flames,,Vegas Golden Knights,,,,
2019-10-13,Vegas Golden Knights,,Los Angeles Kings,,,,
2019-10-13,Calgary Flames,,San Jose Sharks,,,,
2019-10-13,Pittsburgh Penguins,,Winnipeg Jets,,,,
2019-10-14,Anaheim Ducks,,Boston Bruins,,,,
2019-10-14,Dallas Stars,,Buffalo Sabres,,,,
2019-10-14,Edmonton Oilers,,Chicago Blackhawks,,,,
2019-10-14,Florida Panthers,,New Jersey Devils,,,,
2019-10-14,St. Louis Blues,,New York Islanders,,,,
2019-10-14,Minnesota Wild,,Ottawa Senators,,,,
2019-10-14,Colorado Avalanche,,Washington Capitals,,,,
2019-10-15,Philadelphia Flyers,,Calgary Flames,,,,
2019-10-15,Carolina Hurricanes,,Los Angeles Kings,,,,
2019-10-15,Tampa Bay Lightning,,Montreal Canadiens,,,,
2019-10-15,Minnesota Wild,,Toronto Maple Leafs,,,,
2019-10-15,Detroit Red Wings,,Vancouver Canucks,,,,
2019-10-15,Nashville Predators,,Vegas Golden Knights,,,,
2019-10-15,Arizona Coyotes,,Winnipeg Jets,,,,
2019-10-16,Buffalo Sabres,,Anaheim Ducks,,,,
2019-10-16,Dallas Stars,,Columbus Blue Jackets,,,,
2019-10-16,Philadelphia Flyers,,Edmonton Oilers,,,,
2019-10-16,Colorado Avalanche,,Pittsburgh Penguins,,,,
2019-10-16,Carolina Hurricanes,,San Jose Sharks,,,,
2019-10-16,Toronto Maple Leafs,,Washington Capitals,,,,
2019-10-17,Nashville Predators,,Arizona Coyotes,,,,
2019-10-17,Tampa Bay Lightning,,Boston Bruins,,,,
2019-10-17,Detroit Red Wings,,Calgary Flames,,,,
2019-10-17,Buffalo Sabres,,Los Angeles Kings,,,,
2019-10-17,Minnesota Wild,,Montreal Canadiens,,,,
2019-10-17,New York Rangers,,New Jersey Devils,,,,
2019-10-17,Vancouver Canucks,,St. Louis Blues,,,,
2019-10-17,Ottawa Senators,,Vegas Golden Knights,,,,
2019-10-17,New York Islanders,,Winnipeg Jets,,,,
2019-10-18,Carolina Hurricanes,,Anaheim Ducks,,,,
2019-10-18,Columbus Blue Jackets,,Chicago Blackhawks,,,,
2019-10-18,Detroit Red Wings,,Edmonton Oilers,,,,
2019-10-18,Colorado Avalanche,,Florida Panthers,,,,
2019-10-18,Dallas Stars,,Pittsburgh Penguins,,,,
2019-10-18,New York Rangers,,Washington Capitals,,,,
2019-10-19,Ottawa Senators,,Arizona Coyotes,,,,
2019-10-19,New York Islanders,,Columbus Blue Jackets,,,,
2019-10-19,Calgary Flames,,Los Angeles Kings,,,,
2019-10-19,Vancouver Canucks,,New Jersey Devils,,,,
2019-10-19,Florida Panthers,,Nashville Predators,,,,
2019-10-19,Dallas Stars,,Philadelphia Flyers,,,,
2019-10-19,Vegas Golden Knights,,Pittsburgh Penguins,,,,
2019-10-19,Buffalo Sabres,,San Jose Sharks,,,,
2019-10-19,Montreal Canadiens,,St. Louis Blues,,,,
2019-10-19,Colorado Avalanche,,Tampa Bay Lightning,,,,
2019-10-19,Boston Bruins,,Toronto Maple Leafs,,,,
2019-10-20,Calgary Flames,,Anaheim Ducks,,,,
2019-10-20,Washington Capitals,,Chicago Blackhawks,,,,
2019-10-20,Montreal Canadiens,,Minnesota Wild,,,,
2019-10-20,Vancouver Canucks,,New York Rangers,,,,
2019-10-20,Edmonton Oilers,,Winnipeg Jets,,,,
2019-10-21,Ottawa Senators,,Dallas Stars,,,,
2019-10-21,Vegas Golden Knights,,Philadelphia Flyers,,,,
2019-10-21,Colorado Avalanche,,St. Louis Blues,,,,
2019-10-21,Columbus Blue Jackets,,Toronto Maple Leafs,,,,
2019-10-22,Toronto Maple Leafs,,Boston Bruins,,,,
2019-10-22,San Jose Sharks,,Buffalo Sabres,,,,
2019-10-22,Washington Capitals,,Calgary Flames,,,,
2019-10-22,Vegas Golden Knights,,Chicago Blackhawks,,,,
2019-10-22,Vancouver Canucks,,Detroit Red Wings,,,,
2019-10-22,Pittsburgh Penguins,,Florida Panthers,,,,
2019-10-22,Edmonton Oilers,,Minnesota Wild,,,,
2019-10-22,Anaheim Ducks,,Nashville Predators,,,,
2019-10-22,Arizona Coyotes,,New York Rangers,,,,
2019-10-22,Los Angeles Kings,,Winnipeg Jets,,,,
2019-10-23,Detroit Red Wings,,Ottawa Senators,,,,
2019-10-23,Pittsburgh Penguins,,Tampa Bay Lightning,,,,
2019-10-24,Carolina Hurricanes,,Columbus Blue Jackets,,,,
2019-10-24,Florida Panthers,,Calgary Flames,,,,
2019-10-24,Philadelphia Flyers,,Chicago Blackhawks,,,,
2019-10-24,Anaheim Ducks,,Dallas Stars,,,,
2019-10-24,Washington Capitals,,Edmonton Oilers,,,,
2019-10-24,San Jose Sharks,,Montreal Canadiens,,,,
2019-10-24,Minnesota Wild,,Nashville Predators,,,,
2019-10-24,Arizona Coyotes,,New York Islanders,,,,
2019-10-24,Buffalo Sabres,,New York Rangers,,,,
2019-10-24,Los Angeles Kings,,St. Louis Blues,,,,
2019-10-25,Buffalo Sabres,,Detroit Red Wings,,,,
2019-10-25,Arizona Coyotes,,New Jersey Devils,,,,
2019-10-25,New York Islanders,,Ottawa Senators,,,,
2019-10-25,San Jose Sharks,,Toronto Maple Leafs,,,,
2019-10-25,Washington Capitals,,Vancouver Canucks,,,,
2019-10-25,Colorado Avalanche,,Vegas Golden Knights,,,,
2019-10-26,St. Louis Blues,,Boston Bruins,,,,
2019-10-26,Chicago Blackhawks,,Carolina Hurricanes,,,,
2019-10-26,Anaheim Ducks,,Colorado Avalanche,,,,
2019-10-26,Pittsburgh Penguins,,Dallas Stars,,,,
2019-10-26,Los Angeles Kings,,Minnesota Wild,,,,
2019-10-26,Toronto Maple Leafs,,Montreal Canadiens,,,,
2019-10-26,Columbus Blue Jackets,,Philadelphia Flyers,,,,
2019-10-26,Nashville Predators,,Tampa Bay Lightning,,,,
2019-10-26,Calgary Flames,,Winnipeg Jets,,,,
2019-10-27,Los Angeles Kings,,Chicago Blackhawks,,,,
2019-10-27,St. Louis Blues,,Detroit Red Wings,,,,
2019-10-27,Florida Panthers,,Edmonton Oilers,,,,
2019-10-27,Philadelphia Flyers,,New York Islanders,,,,
2019-10-27,Boston Bruins,,New York Rangers,,,,
2019-10-27,San Jose Sharks,,Ottawa Senators,,,,
2019-10-27,Anaheim Ducks,,Vegas Golden Knights,,,,
2019-10-28,Arizona Coyotes,,Buffalo Sabres,,,,
2019-10-28,Florida Panthers,,Vancouver Canucks,,,,
2019-10-29,Winnipeg Jets,,Anaheim Ducks,,,,
2019-10-29,San Jose Sharks,,Boston Bruins,,,,
2019-10-29,Calgary Flames,,Carolina Hurricanes,,,,
2019-10-29,Minnesota Wild,,Dallas Stars,,,,
2019-10-29,Edmonton Oilers,,Detroit Red Wings,,,,
2019-10-29,Chicago Blackhawks,,Nashville Predators,,,,
2019-10-29,Tampa Bay Lightning,,New York Rangers,,,,
2019-10-29,Philadelphia Flyers,,Pittsburgh Penguins,,,,
2019-10-29,Washington Capitals,,Toronto Maple Leafs,,,,
2019-10-30,Montreal Canadiens,,Arizona Coyotes,,,,
2019-10-30,Edmonton Oilers,,Columbus Blue Jackets,,,,
2019-10-30,Florida Panthers,,Colorado Avalanche,,,,
2019-10-30,Vancouver Canucks,,Los Angeles Kings,,,,
2019-10-30,Tampa Bay Lightning,,New Jersey Devils,,,,
2019-10-30,Minnesota Wild,,St. Louis Blues,,,,
2019-10-31,Calgary Flames,,Nashville Predators,,,,
2019-10-31,Montreal Canadiens,,Vegas Golden Knights,,,,
2019-11-01,Vancouver Canucks,,Anaheim Ducks,,,,
2019-11-01,Detroit Red Wings,,Carolina Hurricanes,,,,
2019-11-01,Dallas Stars,,Colorado Avalanche,,,,
2019-11-01,Philadelphia Flyers,,New Jersey Devils,,,,
2019-11-01,Tampa Bay Lightning,,New York Islanders,,,,
2019-11-01,Winnipeg Jets,,San Jose Sharks,,,,
2019-11-01,Columbus Blue Jackets,,St. Louis Blues,,,,
2019-11-01,Buffalo Sabres,,Washington Capitals,,,,
2019-11-02,Colorado Avalanche,,Arizona Coyotes,,,,
2019-11-02,Ottawa Senators,,Boston Bruins,,,,
2019-11-02,New York Islanders,,Buffalo Sabres,,,,
2019-11-02,New Jersey Devils,,Carolina Hurricanes,,,,
2019-11-02,Calgary Flames,,Columbus Blue Jackets,,,,
2019-11-02,Montreal Canadiens,,Dallas Stars,,,,
2019-11-02,Detroit Red Wings,,Florida Panthers,,,,
2019-11-02,Chicago Blackhawks,,Los Angeles Kings,,,,
2019-11-02,St. Louis Blues,,Minnesota Wild,,,,
2019-11-02,New York Rangers,,Nashville Predators,,,,
2019-11-02,Toronto Maple Leafs,,Philadelphia Flyers,,,,
2019-11-02,Edmonton Oilers,,Pittsburgh Penguins,,,,
2019-11-02,Vancouver Canucks,,San Jose Sharks,,,,
2019-11-02,Winnipeg Jets,,Vegas Golden Knights,,,,
2019-11-03,Chicago Blackhawks,,Anaheim Ducks,,,,
2019-11-03,Calgary Flames,,Washington Capitals,,,,
2019-11-04,Pittsburgh Penguins,,Boston Bruins,,,,
2019-11-04,Nashville Predators,,Detroit Red Wings,,,,
2019-11-04,Arizona Coyotes,,Edmonton Oilers,,,,
2019-11-04,Ottawa Senators,,New York Rangers,,,,
2019-11-05,Minnesota Wild,,Anaheim Ducks,,,,
2019-11-05,Vegas Golden Knights,,Columbus Blue Jackets,,,,
2019-11-05,Arizona Coyotes,,Calgary Flames,,,,
2019-11-05,Colorado Avalanche,,Dallas Stars,,,,
2019-11-05,Boston Bruins,,Montreal Canadiens,,,,
2019-11-05,Ottawa Senators,,New York Islanders,,,,
2019-11-05,Carolina Hurricanes,,Philadelphia Flyers,,,,
2019-11-05,Chicago Blackhawks,,San Jose Sharks,,,,
2019-11-05,Los Angeles Kings,,Toronto Maple Leafs,,,,
2019-11-05,St. Louis Blues,,Vancouver Canucks,,,,
2019-11-05,New Jersey Devils,,Winnipeg Jets,,,,
2019-11-06,St. Louis Blues,,Edmonton Oilers,,,,
2019-11-06,Detroit Red Wings,,New York Rangers,,,,
2019-11-07,Columbus Blue Jackets,,Arizona Coyotes,,,,
2019-11-07,New York Rangers,,Carolina Hurricanes,,,,
2019-11-07,New Jersey Devils,,Calgary Flames,,,,
2019-11-07,Vancouver Canucks,,Chicago Blackhawks,,,,
2019-11-07,Nashville Predators,,Colorado Avalanche,,,,
2019-11-07,Washington Capitals,,Florida Panthers,,,,
2019-11-07,Pittsburgh Penguins,,New York Islanders,,,,
2019-11-07,Los Angeles Kings,,Ottawa Senators,,,,
2019-11-07,Montreal Canadiens,,Philadelphia Flyers,,,,
2019-11-07,Minnesota Wild,,San Jose Sharks,,,,
2019-11-07,Vegas Golden Knights,,Toronto Maple Leafs,,,,
2019-11-08,Tampa Bay Lightning,,Buffalo Sabres,,,,
2019-11-08,Boston Bruins,,Detroit Red Wings,,,,
2019-11-08,New Jersey Devils,,Edmonton Oilers,,,,
2019-11-08,Vancouver Canucks,,Winnipeg Jets,,,,
2019-11-09,Minnesota Wild,,Arizona Coyotes,,,,
2019-11-09,St. Louis Blues,,Calgary Flames,,,,
2019-11-09,Columbus Blue Jackets,,Colorado Avalanche,,,,
2019-11-09,Los Angeles Kings,,Montreal Canadiens,,,,
2019-11-09,Florida Panthers,,New York Islanders,,,,
2019-11-09,Carolina Hurricanes,,Ottawa Senators,,,,
2019-11-09,Chicago Blackhawks,,Pittsburgh Penguins,,,,
2019-11-09,Nashville Predators,,San Jose Sharks,,,,
2019-11-09,Buffalo Sabres,,Tampa Bay Lightning,,,,
2019-11-09,Philadelphia Flyers,,Toronto Maple Leafs,,,,
2019-11-09,Vegas Golden Knights,,Washington Capitals,,,,
2019-11-10,Edmonton Oilers,,Anaheim Ducks,,,,
2019-11-10,Philadelphia Flyers,,Boston Bruins,,,,
2019-11-10,Toronto Maple Leafs,,Chicago Blackhawks,,,,
2019-11-10,Vegas Golden Knights,,Detroit Red Wings,,,,
2019-11-10,Florida Panthers,,New York Rangers,,,,
2019-11-10,New Jersey Devils,,Vancouver Canucks,,,,
2019-11-10,Dallas Stars,,Winnipeg Jets,,,,
2019-11-11,Ottawa Senators,,Carolina Hurricanes,,,,
2019-11-11,Arizona Coyotes,,Washington Capitals,,,,
2019-11-12,Detroit Red Wings,,Anaheim Ducks,,,,
2019-11-12,Florida Panthers,,Boston Bruins,,,,
2019-11-12,Minnesota Wild,,Los Angeles Kings,,,,
2019-11-12,Columbus Blue Jackets,,Montreal Canadiens,,,,
2019-11-12,Pittsburgh Penguins,,New York Rangers,,,,
2019-11-12,Edmonton Oilers,,San Jose Sharks,,,,
2019-11-12,Arizona Coyotes,,St. Louis Blues,,,,
2019-11-12,Nashville Predators,,Vancouver Canucks,,,,
2019-11-12,Colorado Avalanche,,Winnipeg Jets,,,,
2019-11-13,Dallas Stars,,Calgary Flames,,,,
2019-11-13,Ottawa Senators,,New Jersey Devils,,,,
2019-11-13,Toronto Maple Leafs,,New York Islanders,,,,
2019-11-13,Washington Capitals,,Philadelphia Flyers,,,,
2019-11-13,Chicago Blackhawks,,Vegas Golden Knights,,,,
2019-11-14,San Jose Sharks,,Anaheim Ducks,,,,
2019-11-14,Carolina Hurricanes,,Buffalo Sabres,,,,
2019-11-14,Colorado Avalanche,,Edmonton Oilers,,,,
2019-11-14,Winnipeg Jets,,Florida Panthers,,,,
2019-11-14,Detroit Red Wings,,Los Angeles Kings,,,,
2019-11-14,Arizona Coyotes,,Minnesota Wild,,,,
2019-11-14,New York Rangers,,Tampa Bay Lightning,,,,
2019-11-14,Dallas Stars,,Vancouver Canucks,,,,
2019-11-15,St. Louis Blues,,Columbus Blue Jackets,,,,
2019-11-15,Pittsburgh Penguins,,New Jersey Devils,,,,
2019-11-15,Philadelphia Flyers,,Ottawa Senators,,,,
2019-11-15,Boston Bruins,,Toronto Maple Leafs,,,,
2019-11-15,Montreal Canadiens,,Washington Capitals,,,,
2019-11-16,Calgary Flames,,Arizona Coyotes,,,,
2019-11-16,Washington Capitals,,Boston Bruins,,,,
2019-11-16,Ottawa Senators,,Buffalo Sabres,,,,
2019-11-16,Dallas Stars,,Edmonton Oilers,,,,
2019-11-16,New York Rangers,,Florida Panthers,,,,
2019-11-16,Vegas Golden Knights,,Los Angeles Kings,,,,
2019-11-16,Carolina Hurricanes,,Minnesota Wild,,,,
2019-11-16,New Jersey Devils,,Montreal Canadiens,,,,
2019-11-16,Chicago Blackhawks,,Nashville Predators,,,,
2019-11-16,New York Islanders,,Philadelphia Flyers,,,,
2019-11-16,Toronto Maple Leafs,,Pittsburgh Penguins,,,,
2019-11-16,Detroit Red Wings,,San Jose Sharks,,,,
2019-11-16,Anaheim Ducks,,St. Louis Blues,,,,
2019-11-16,Winnipeg Jets,,Tampa Bay Lightning,,,,
2019-11-16,Colorado Avalanche,,Vancouver Canucks,,,,
2019-11-17,Buffalo Sabres,,Chicago Blackhawks,,,,
2019-11-17,Calgary Flames,,Vegas Golden Knights,,,,
2019-11-18,Los Angeles Kings,,Arizona Coyotes,,,,
2019-11-18,Anaheim Ducks,,Washington Capitals,,,,
2019-11-19,Minnesota Wild,,Buffalo Sabres,,,,
2019-11-19,Montreal Canadiens,,Columbus Blue Jackets,,,,
2019-11-19,Colorado Avalanche,,Calgary Flames,,,,
2019-11-19,Carolina Hurricanes,,Chicago Blackhawks,,,,
2019-11-19,Vancouver Canucks,,Dallas Stars,,,,
2019-11-19,Ottawa Senators,,Detroit Red Wings,,,,
2019-11-19,Philadelphia Flyers,,Florida Panthers,,,,
2019-11-19,Boston Bruins,,New Jersey Devils,,,,
2019-11-19,Winnipeg Jets,,Nashville Predators,,,,
2019-11-19,New York Islanders,,Pittsburgh Penguins,,,,
2019-11-19,Edmonton Oilers,,San Jose Sharks,,,,
2019-11-19,Tampa Bay Lightning,,St. Louis Blues,,,,
2019-11-19,Toronto Maple Leafs,,Vegas Golden Knights,,,,
2019-11-20,Ottawa Senators,,Montreal Canadiens,,,,
2019-11-20,Washington Capitals,,New York Rangers,,,,
2019-11-21,Toronto Maple Leafs,,Arizona Coyotes,,,,
2019-11-21,Buffalo Sabres,,Boston Bruins,,,,
2019-11-21,Philadelphia Flyers,,Carolina Hurricanes,,,,
2019-11-21,Detroit Red Wings,,Columbus Blue Jackets,,,,
2019-11-21,Tampa Bay Lightning,,Chicago Blackhawks,,,,
2019-11-21,Winnipeg Jets,,Dallas Stars,,,,
2019-11-21,Anaheim Ducks,,Florida Panthers,,,,
2019-11-21,Edmonton Oilers,,Los Angeles Kings,,,,
2019-11-21,Colorado Avalanche,,Minnesota Wild,,,,
2019-11-21,Vancouver Canucks,,Nashville Predators,,,,
2019-11-21,Pittsburgh Penguins,,New York Islanders,,,,
2019-11-21,Calgary Flames,,St. Louis Blues,,,,
2019-11-21,San Jose Sharks,,Vegas Golden Knights,,,,
2019-11-22,New York Rangers,,Ottawa Senators,,,,
2019-11-22,New Jersey Devils,,Pittsburgh Penguins,,,,
2019-11-23,Minnesota Wild,,Boston Bruins,,,,
2019-11-23,Florida Panthers,,Carolina Hurricanes,,,,
2019-11-23,Toronto Maple Leafs,,Colorado Avalanche,,,,
2019-11-23,Chicago Blackhawks,,Dallas Stars,,,,
2019-11-23,Arizona Coyotes,,Los Angeles Kings,,,,
2019-11-23,New York Rangers,,Montreal Canadiens,,,,
2019-11-23,Detroit Red Wings,,New Jersey Devils,,,,
2019-11-23,Calgary Flames,,Philadelphia Flyers,,,,
2019-11-23,New York Islanders,,San Jose Sharks,,,,
2019-11-23,Nashville Predators,,St. Louis Blues,,,,
2019-11-23,Anaheim Ducks,,Tampa Bay Lightning,,,,
2019-11-23,Edmonton Oilers,,Vegas Golden Knights,,,,
2019-11-23,Columbus Blue Jackets,,Winnipeg Jets,,,,
2019-11-23,Vancouver Canucks,,Washington Capitals,,,,
2019-11-24,Edmonton Oilers,,Arizona Coyotes,,,,
2019-11-24,Carolina Hurricanes,,Detroit Red Wings,,,,
2019-11-24,Buffalo Sabres,,Florida Panthers,,,,
2019-11-25,New York Islanders,,Anaheim Ducks,,,,
2019-11-25,Ottawa Senators,,Columbus Blue Jackets,,,,
2019-11-25,Vegas Golden Knights,,Dallas Stars,,,,
2019-11-25,San Jose Sharks,,Los Angeles Kings,,,,
2019-11-25,St. Louis Blues,,Nashville Predators,,,,
2019-11-25,Minnesota Wild,,New York Rangers,,,,
2019-11-25,Vancouver Canucks,,Philadelphia Flyers,,,,
2019-11-25,Calgary Flames,,Pittsburgh Penguins,,,,
2019-11-25,Buffalo Sabres,,Tampa Bay Lightning,,,,
2019-11-26,Dallas Stars,,Chicago Blackhawks,,,,
2019-11-26,Boston Bruins,,Montreal Canadiens,,,,
2019-11-26,Minnesota Wild,,New Jersey Devils,,,,
2019-11-27,Anaheim Ducks,,Arizona Coyotes,,,,
2019-11-27,Calgary Flames,,Buffalo Sabres,,,,
2019-11-27,Philadelphia Flyers,,Columbus Blue Jackets,,,,
2019-11-27,Edmonton Oilers,,Colorado Avalanche,,,,
2019-11-27,Toronto Maple Leafs,,Detroit Red Wings,,,,
2019-11-27,New York Islanders,,Los Angeles Kings,,,,
2019-11-27,Vegas Golden Knights,,Nashville Predators,,,,
2019-11-27,Carolina Hurricanes,,New York Rangers,,,,
2019-11-27,Boston Bruins,,Ottawa Senators,,,,
2019-11-27,Vancouver Canucks,,Pittsburgh Penguins,,,,
2019-11-27,Winnipeg Jets,,San Jose Sharks,,,,
2019-11-27,St. Louis Blues,,Tampa Bay Lightning,,,,
2019-11-27,Florida Panthers,,Washington Capitals,,,,
2019-11-28,New Jersey Devils,,Montreal Canadiens,,,,
2019-11-29,Winnipeg Jets,,Anaheim Ducks,,,,
2019-11-29,New York Rangers,,Boston Bruins,,,,
2019-11-29,Toronto Maple Leafs,,Buffalo Sabres,,,,
2019-11-29,Nashville Predators,,Carolina Hurricanes,,,,
2019-11-29,Pittsburgh Penguins,,Columbus Blue Jackets,,,,
2019-11-29,Colorado Avalanche,,Chicago Blackhawks,,,,
2019-11-29,St. Louis Blues,,Dallas Stars,,,,
2019-11-29,Ottawa Senators,,Minnesota Wild,,,,
2019-11-29,Detroit Red Wings,,Philadelphia Flyers,,,,
2019-11-29,Los Angeles Kings,,San Jose Sharks,,,,
2019-11-29,Arizona Coyotes,,Vegas Golden Knights,,,,
2019-11-29,Tampa Bay Lightning,,Washington Capitals,,,,
2019-11-30,San Jose Sharks,,Arizona Coyotes,,,,
2019-11-30,Ottawa Senators,,Calgary Flames,,,,
2019-11-30,Chicago Blackhawks,,Colorado Avalanche,,,,
2019-11-30,Washington Capitals,,Detroit Red Wings,,,,
2019-11-30,Vancouver Canucks,,Edmonton Oilers,,,,
2019-11-30,Nashville Predators,,Florida Panthers,,,,
2019-11-30,Winnipeg Jets,,Los Angeles Kings,,,,
2019-11-30,Philadelphia Flyers,,Montreal Canadiens,,,,
2019-11-30,New York Rangers,,New Jersey Devils,,,,
2019-11-30,Columbus Blue Jackets,,New York Islanders,,,,
2019-11-30,Pittsburgh Penguins,,St. Louis Blues,,,,
2019-11-30,Carolina Hurricanes,,Tampa Bay Lightning,,,,
2019-11-30,Buffalo Sabres,,Toronto Maple Leafs,,,,
2019-12-01,Montreal Canadiens,,Boston Bruins,,,,
2019-12-01,Dallas Stars,,Minnesota Wild,,,,
2019-12-01,Edmonton Oilers,,Vancouver Canucks,,,,
2019-12-02,Los Angeles Kings,,Anaheim Ducks,,,,
2019-12-02,New Jersey Devils,,Buffalo Sabres,,,,
2019-12-02,St. Louis Blues,,Chicago Blackhawks,,,,
2019-12-02,New York Islanders,,Detroit Red Wings,,,,
2019-12-02,Vegas Golden Knights,,New York Rangers,,,,
2019-12-03,Carolina Hurricanes,,Boston Bruins,,,,
2019-12-03,Arizona Coyotes,,Columbus Blue Jackets,,,,
2019-12-03,Minnesota Wild,,Florida Panthers,,,,
2019-12-03,New York Islanders,,Montreal Canadiens,,,,
2019-12-03,Vegas Golden Knights,,New Jersey Devils,,,,
2019-12-03,Tampa Bay Lightning,,Nashville Predators,,,,
2019-12-03,Toronto Maple Leafs,,Philadelphia Flyers,,,,
2019-12-03,Washington Capitals,,San Jose Sharks,,,,
2019-12-03,Ottawa Senators,,Vancouver Canucks,,,,
2019-12-03,Dallas Stars,,Winnipeg Jets,,,,
2019-12-04,Ottawa Senators,,Edmonton Oilers,,,,
2019-12-04,Washington Capitals,,Los Angeles Kings,,,,
2019-12-04,St. Louis Blues,,Pittsburgh Penguins,,,,
2019-12-04,Colorado Avalanche,,Toronto Maple Leafs,,,,
2019-12-05,Chicago Blackhawks,,Boston Bruins,,,,
2019-12-05,San Jose Sharks,,Carolina Hurricanes,,,,
2019-12-05,New York Rangers,,Columbus Blue Jackets,,,,
2019-12-05,Buffalo Sabres,,Calgary Flames,,,,
2019-12-05,Winnipeg Jets,,Dallas Stars,,,,
2019-12-05,Colorado Avalanche,,Montreal Canadiens,,,,
2019-12-05,Vegas Golden Knights,,New York Islanders,,,,
2019-12-05,Arizona Coyotes,,Philadelphia Flyers,,,,
2019-12-05,Minnesota Wild,,Tampa Bay Lightning,,,,
2019-12-06,Washington Capitals,,Anaheim Ducks,,,,
2019-12-06,Los Angeles Kings,,Edmonton Oilers,,,,
2019-12-06,Chicago Blackhawks,,New Jersey Devils,,,,
2019-12-06,Montreal Canadiens,,New York Rangers,,,,
2019-12-06,Arizona Coyotes,,Pittsburgh Penguins,,,,
2019-12-07,Colorado Avalanche,,Boston Bruins,,,,
2019-12-07,Minnesota Wild,,Carolina Hurricanes,,,,
2019-12-07,Los Angeles Kings,,Calgary Flames,,,,
2019-12-07,New York Islanders,,Dallas Stars,,,,
2019-12-07,Pittsburgh Penguins,,Detroit Red Wings,,,,
2019-12-07,Columbus Blue Jackets,,Florida Panthers,,,,
2019-12-07,New Jersey Devils,,Nashville Predators,,,,
2019-12-07,Ottawa Senators,,Philadelphia Flyers,,,,
2019-12-07,Toronto Maple Leafs,,St. Louis Blues,,,,
2019-12-07,San Jose Sharks,,Tampa Bay Lightning,,,,
2019-12-07,Buffalo Sabres,,Vancouver Canucks,,,,
2019-12-08,Arizona Coyotes,,Chicago Blackhawks,,,,
2019-12-08,Buffalo Sabres,,Edmonton Oilers,,,,
2019-12-08,San Jose Sharks,,Florida Panthers,,,,
2019-12-08,New York Rangers,,Vegas Golden Knights,,,,
2019-12-08,Anaheim Ducks,,Winnipeg Jets,,,,
2019-12-09,Calgary Flames,,Colorado Avalanche,,,,
2019-12-09,Boston Bruins,,Ottawa Senators,,,,
2019-12-09,New York Islanders,,Tampa Bay Lightning,,,,
2019-12-09,Columbus Blue Jackets,,Washington Capitals,,,,
2019-12-10,Calgary Flames,,Arizona Coyotes,,,,
2019-12-10,St. Louis Blues,,Buffalo Sabres,,,,
2019-12-10,New Jersey Devils,,Dallas Stars,,,,
2019-12-10,Carolina Hurricanes,,Edmonton Oilers,,,,
2019-12-10,Tampa Bay Lightning,,Florida Panthers,,,,
2019-12-10,New York Rangers,,Los Angeles Kings,,,,
2019-12-10,Anaheim Ducks,,Minnesota Wild,,,,
2019-12-10,San Jose Sharks,,Nashville Predators,,,,
2019-12-10,Montreal Canadiens,,Pittsburgh Penguins,,,,
2019-12-10,Toronto Maple Leafs,,Vancouver Canucks,,,,
2019-12-10,Chicago Blackhawks,,Vegas Golden Knights,,,,
2019-12-10,Detroit Red Wings,,Winnipeg Jets,,,,
2019-12-11,Philadelphia Flyers,,Colorado Avalanche,,,,
2019-12-11,Ottawa Senators,,Montreal Canadiens,,,,
2019-12-11,Boston Bruins,,Washington Capitals,,,,
2019-12-12,Los Angeles Kings,,Anaheim Ducks,,,,
2019-12-12,Chicago Blackhawks,,Arizona Coyotes,,,,
2019-12-12,Nashville Predators,,Buffalo Sabres,,,,
2019-12-12,Toronto Maple Leafs,,Calgary Flames,,,,
2019-12-12,Winnipeg Jets,,Detroit Red Wings,,,,
2019-12-12,New York Islanders,,Florida Panthers,,,,
2019-12-12,Edmonton Oilers,,Minnesota Wild,,,,
2019-12-12,Columbus Blue Jackets,,Pittsburgh Penguins,,,,
2019-12-12,New York Rangers,,San Jose Sharks,,,,
2019-12-12,Vegas Golden Knights,,St. Louis Blues,,,,
2019-12-12,Boston Bruins,,Tampa Bay Lightning,,,,
2019-12-12,Carolina Hurricanes,,Vancouver Canucks,,,,
2019-12-13,New Jersey Devils,,Colorado Avalanche,,,,
2019-12-13,Vegas Golden Knights,,Dallas Stars,,,,
2019-12-14,New York Rangers,,Anaheim Ducks,,,,
2019-12-14,New Jersey Devils,,Arizona Coyotes,,,,
2019-12-14,Carolina Hurricanes,,Calgary Flames,,,,
2019-12-14,Toronto Maple Leafs,,Edmonton Oilers,,,,
2019-12-14,Boston Bruins,,Florida Panthers,,,,
2019-12-14,Philadelphia Flyers,,Minnesota Wild,,,,
2019-12-14,Detroit Red Wings,,Montreal Canadiens,,,,
2019-12-14,Dallas Stars,,Nashville Predators,,,,
2019-12-14,Buffalo Sabres,,New York Islanders,,,,
2019-12-14,Columbus Blue Jackets,,Ottawa Senators,,,,
2019-12-14,Los Angeles Kings,,Pittsburgh Penguins,,,,
2019-12-14,Vancouver Canucks,,San Jose Sharks,,,,
2019-12-14,Chicago Blackhawks,,St. Louis Blues,,,,
2019-12-14,Washington Capitals,,Tampa Bay Lightning,,,,
2019-12-15,Minnesota Wild,,Chicago Blackhawks,,,,
2019-12-15,Los Angeles Kings,,Detroit Red Wings,,,,
2019-12-15,Vancouver Canucks,,Vegas Golden Knights,,,,
2019-12-15,Philadelphia Flyers,,Winnipeg Jets,,,,
2019-12-16,Washington Capitals,,Columbus Blue Jackets,,,,
2019-12-16,Edmonton Oilers,,Dallas Stars,,,,
2019-12-16,Ottawa Senators,,Florida Panthers,,,,
2019-12-16,Nashville Predators,,New York Rangers,,,,
2019-12-16,Colorado Avalanche,,St. Louis Blues,,,,
2019-12-17,Los Angeles Kings,,Boston Bruins,,,,
2019-12-17,Pittsburgh Penguins,,Calgary Flames,,,,
2019-12-17,Columbus Blue Jackets,,Detroit Red Wings,,,,
2019-12-17,Nashville Predators,,New York Islanders,,,,
2019-12-17,Anaheim Ducks,,Philadelphia Flyers,,,,
2019-12-17,Arizona Coyotes,,San Jose Sharks,,,,
2019-12-17,Ottawa Senators,,Tampa Bay Lightning,,,,
2019-12-17,Buffalo Sabres,,Toronto Maple Leafs,,,,
2019-12-17,Montreal Canadiens,,Vancouver Canucks,,,,
2019-12-17,Minnesota Wild,,Vegas Golden Knights,,,,
2019-12-17,Carolina Hurricanes,,Winnipeg Jets,,,,
2019-12-18,Colorado Avalanche,,Chicago Blackhawks,,,,
2019-12-18,Anaheim Ducks,,New Jersey Devils,,,,
2019-12-18,Edmonton Oilers,,St. Louis Blues,,,,
2019-12-19,Minnesota Wild,,Arizona Coyotes,,,,
2019-12-19,New York Islanders,,Boston Bruins,,,,
2019-12-19,Los Angeles Kings,,Columbus Blue Jackets,,,,
2019-12-19,Montreal Canadiens,,Calgary Flames,,,,
2019-12-19,Carolina Hurricanes,,Colorado Avalanche,,,,
2019-12-19,Nashville Predators,,Ottawa Senators,,,,
2019-12-19,Buffalo Sabres,,Philadelphia Flyers,,,,
2019-12-19,Dallas Stars,,Tampa Bay Lightning,,,,
2019-12-19,Vegas Golden Knights,,Vancouver Canucks,,,,
2019-12-19,Chicago Blackhawks,,Winnipeg Jets,,,,
2019-12-20,Pittsburgh Penguins,,Edmonton Oilers,,,,
2019-12-20,Dallas Stars,,Florida Panthers,,,,
2019-12-20,Washington Capitals,,New Jersey Devils,,,,
2019-12-20,Toronto Maple Leafs,,New York Rangers,,,,
2019-12-21,Nashville Predators,,Boston Bruins,,,,
2019-12-21,Los Angeles Kings,,Buffalo Sabres,,,,
2019-12-21,Florida Panthers,,Carolina Hurricanes,,,,
2019-12-21,New Jersey Devils,,Columbus Blue Jackets,,,,
2019-12-21,Chicago Blackhawks,,Colorado Avalanche,,,,
2019-12-21,Montreal Canadiens,,Edmonton Oilers,,,,
2019-12-21,Winnipeg Jets,,Minnesota Wild,,,,
2019-12-21,Anaheim Ducks,,New York Islanders,,,,
2019-12-21,Philadelphia Flyers,,Ottawa Senators,,,,
2019-12-21,St. Louis Blues,,San Jose Sharks,,,,
2019-12-21,Detroit Red Wings,,Toronto Maple Leafs,,,,
2019-12-21,Pittsburgh Penguins,,Vancouver Canucks,,,,
2019-12-21,Tampa Bay Lightning,,Washington Capitals,,,,
2019-12-22,Calgary Flames,,Dallas Stars,,,,
2019-12-22,Arizona Coyotes,,Detroit Red Wings,,,,
2019-12-22,Anaheim Ducks,,New York Rangers,,,,
2019-12-22,Vegas Golden Knights,,San Jose Sharks,,,,
2019-12-23,Washington Capitals,,Boston Bruins,,,,
2019-12-23,New Jersey Devils,,Chicago Blackhawks,,,,
2019-12-23,St. Louis Blues,,Los Angeles Kings,,,,
2019-12-23,Calgary Flames,,Minnesota Wild,,,,
2019-12-23,Arizona Coyotes,,Nashville Predators,,,,
2019-12-23,Columbus Blue Jackets,,New York Islanders,,,,
2019-12-23,Buffalo Sabres,,Ottawa Senators,,,,
2019-12-23,New York Rangers,,Philadelphia Flyers,,,,
2019-12-23,Florida Panthers,,Tampa Bay Lightning,,,,
2019-12-23,Carolina Hurricanes,,Toronto Maple Leafs,,,,
2019-12-23,Edmonton Oilers,,Vancouver Canucks,,,,
2019-12-23,Colorado Avalanche,,Vegas Golden Knights,,,,
2019-12-23,Montreal Canadiens,,Winnipeg Jets,,,,
2019-12-27,Vegas Golden Knights,,Anaheim Ducks,,,,
2019-12-27,Boston Bruins,,Buffalo Sabres,,,,
2019-12-27,New York Islanders,,Chicago Blackhawks,,,,
2019-12-27,Minnesota Wild,,Colorado Avalanche,,,,
2019-12-27,Calgary Flames,,Edmonton Oilers,,,,
2019-12-27,Toronto Maple Leafs,,New Jersey Devils,,,,
2019-12-27,Pittsburgh Penguins,,Nashville Predators,,,,
2019-12-27,Carolina Hurricanes,,New York Rangers,,,,
2019-12-27,Los Angeles Kings,,San Jose Sharks,,,,
2019-12-27,St. Louis Blues,,Winnipeg Jets,,,,
2019-12-27,Columbus Blue Jackets,,Washington Capitals,,,,
2019-12-28,Washington Capitals,,Carolina Hurricanes,,,,
2019-12-28,Colorado Avalanche,,Dallas Stars,,,,
2019-12-28,Detroit Red Wings,,Florida Panthers,,,,
2019-12-28,Nashville Predators,,Pittsburgh Penguins,,,,
2019-12-28,Philadelphia Flyers,,San Jose Sharks,,,,
2019-12-28,Montreal Canadiens,,Tampa Bay Lightning,,,,
2019-12-28,New York Rangers,,Toronto Maple Leafs,,,,
2019-12-28,Los Angeles Kings,,Vancouver Canucks,,,,
2019-12-28,Arizona Coyotes,,Vegas Golden Knights,,,,
2019-12-29,Philadelphia Flyers,,Anaheim Ducks,,,,
2019-12-29,Dallas Stars,,Arizona Coyotes,,,,
2019-12-29,Buffalo Sabres,,Boston Bruins,,,,
2019-12-29,Chicago Blackhawks,,Columbus Blue Jackets,,,,
2019-12-29,Vancouver Canucks,,Calgary Flames,,,,
2019-12-29,Montreal Canadiens,,Florida Panthers,,,,
2019-12-29,New York Islanders,,Minnesota Wild,,,,
2019-12-29,New Jersey Devils,,Ottawa Senators,,,,
2019-12-29,Winnipeg Jets,,St. Louis Blues,,,,
2019-12-29,Detroit Red Wings,,Tampa Bay Lightning,,,,
2019-12-30,Ottawa Senators,,Pittsburgh Penguins,,,,
2019-12-31,St. Louis Blues,,Arizona Coyotes,,,,
2019-12-31,Tampa Bay Lightning,,Buffalo Sabres,,,,
2019-12-31,Montreal Canadiens,,Carolina Hurricanes,,,,
2019-12-31,Florida Panthers,,Columbus Blue Jackets,,,,
2019-12-31,Chicago Blackhawks,,Calgary Flames,,,,
2019-12-31,Winnipeg Jets,,Colorado Avalanche,,,,
2019-12-31,San Jose Sharks,,Detroit Red Wings,,,,
2019-12-31,New York Rangers,,Edmonton Oilers,,,,
2019-12-31,Philadelphia Flyers,,Los Angeles Kings,,,,
2019-12-31,Toronto Maple Leafs,,Minnesota Wild,,,,
2019-12-31,Boston Bruins,,New Jersey Devils,,,,
2019-12-31,Anaheim Ducks,,Vegas Golden Knights,,,,
2019-12-31,New York Islanders,,Washington Capitals,,,,
2020-01-01,Nashville Predators,,Dallas Stars,,,,
2020-01-02,Anaheim Ducks,,Arizona Coyotes,,,,
2020-01-02,Columbus Blue Jackets,,Boston Bruins,,,,
2020-01-02,Edmonton Oilers,,Buffalo Sabres,,,,
2020-01-02,New York Rangers,,Calgary Flames,,,,
2020-01-02,St. Louis Blues,,Colorado Avalanche,,,,
2020-01-02,Tampa Bay Lightning,,Montreal Canadiens,,,,
2020-01-02,New Jersey Devils,,New York Islanders,,,,
2020-01-02,Florida Panthers,,Ottawa Senators,,,,
2020-01-02,San Jose Sharks,,Pittsburgh Penguins,,,,
2020-01-02,Chicago Blackhawks,,Vancouver Canucks,,,,
2020-01-02,Philadelphia Flyers,,Vegas Golden Knights,,,,
2020-01-02,Toronto Maple Leafs,,Winnipeg Jets,,,,
2020-01-03,Washington Capitals,,Carolina Hurricanes,,,,
2020-01-03,Detroit Red Wings,,Dallas Stars,,,,
2020-01-04,Philadelphia Flyers,,Arizona Coyotes,,,,
2020-01-04,Edmonton Oilers,,Boston Bruins,,,,
2020-01-04,Florida Panthers,,Buffalo Sabres,,,,
2020-01-04,San Jose Sharks,,Columbus Blue Jackets,,,,
2020-01-04,Nashville Predators,,Los Angeles Kings,,,,
2020-01-04,Winnipeg Jets,,Minnesota Wild,,,,
2020-01-04,Pittsburgh Penguins,,Montreal Canadiens,,,,
2020-01-04,Colorado Avalanche,,New Jersey Devils,,,,
2020-01-04,Tampa Bay Lightning,,Ottawa Senators,,,,
2020-01-04,New York Islanders,,Toronto Maple Leafs,,,,
2020-01-04,New York Rangers,,Vancouver Canucks,,,,
2020-01-04,St. Louis Blues,,Vegas Golden Knights,,,,
2020-01-05,Nashville Predators,,Anaheim Ducks,,,,
2020-01-05,Tampa Bay Lightning,,Carolina Hurricanes,,,,
2020-01-05,Detroit Red Wings,,Chicago Blackhawks,,,,
2020-01-05,Calgary Flames,,Minnesota Wild,,,,
2020-01-05,Florida Panthers,,Pittsburgh Penguins,,,,
2020-01-05,San Jose Sharks,,Washington Capitals,,,,
2020-01-06,Columbus Blue Jackets,,Los Angeles Kings,,,,
2020-01-06,Winnipeg Jets,,Montreal Canadiens,,,,
2020-01-06,Colorado Avalanche,,New York Islanders,,,,
2020-01-06,Edmonton Oilers,,Toronto Maple Leafs,,,,
2020-01-07,Columbus Blue Jackets,,Anaheim Ducks,,,,
2020-01-07,Philadelphia Flyers,,Carolina Hurricanes,,,,
2020-01-07,Calgary Flames,,Chicago Blackhawks,,,,
2020-01-07,Montreal Canadiens,,Detroit Red Wings,,,,
2020-01-07,Arizona Coyotes,,Florida Panthers,,,,
2020-01-07,New York Islanders,,New Jersey Devils,,,,
2020-01-07,Boston Bruins,,Nashville Predators,,,,
2020-01-07,Colorado Avalanche,,New York Rangers,,,,
2020-01-07,San Jose Sharks,,St. Louis Blues,,,,
2020-01-07,Vancouver Canucks,,Tampa Bay Lightning,,,,
2020-01-07,Pittsburgh Penguins,,Vegas Golden Knights,,,,
2020-01-07,Ottawa Senators,,Washington Capitals,,,,
2020-01-08,Dallas Stars,,Los Angeles Kings,,,,
2020-01-08,Washington Capitals,,Philadelphia Flyers,,,,
2020-01-08,Winnipeg Jets,,Toronto Maple Leafs,,,,
2020-01-09,Dallas Stars,,Anaheim Ducks,,,,
2020-01-09,Winnipeg Jets,,Boston Bruins,,,,
2020-01-09,Minnesota Wild,,Calgary Flames,,,,
2020-01-09,Nashville Predators,,Chicago Blackhawks,,,,
2020-01-09,Vancouver Canucks,,Florida Panthers,,,,
2020-01-09,Edmonton Oilers,,Montreal Canadiens,,,,
2020-01-09,New Jersey Devils,,New York Rangers,,,,
2020-01-09,Columbus Blue Jackets,,San Jose Sharks,,,,
2020-01-09,Buffalo Sabres,,St. Louis Blues,,,,
2020-01-09,Arizona Coyotes,,Tampa Bay Lightning,,,,
2020-01-09,Los Angeles Kings,,Vegas Golden Knights,,,,
2020-01-10,Arizona Coyotes,,Carolina Hurricanes,,,,
2020-01-10,Pittsburgh Penguins,,Colorado Avalanche,,,,
2020-01-10,Ottawa Senators,,Detroit Red Wings,,,,
2020-01-11,Vancouver Canucks,,Buffalo Sabres,,,,
2020-01-11,Los Angeles Kings,,Carolina Hurricanes,,,,
2020-01-11,Edmonton Oilers,,Calgary Flames,,,,
2020-01-11,Anaheim Ducks,,Chicago Blackhawks,,,,
2020-01-11,Boston Bruins,,New York Islanders,,,,
2020-01-11,Montreal Canadiens,,Ottawa Senators,,,,
2020-01-11,Tampa Bay Lightning,,Philadelphia Flyers,,,,
2020-01-11,Dallas Stars,,San Jose Sharks,,,,
2020-01-11,New York Rangers,,St. Louis Blues,,,,
2020-01-11,Columbus Blue Jackets,,Vegas Golden Knights,,,,
2020-01-11,New Jersey Devils,,Washington Capitals,,,,
2020-01-12,Pittsburgh Penguins,,Arizona Coyotes,,,,
2020-01-12,Buffalo Sabres,,Detroit Red Wings,,,,
2020-01-12,Toronto Maple Leafs,,Florida Panthers,,,,
2020-01-12,Vancouver Canucks,,Minnesota Wild,,,,
2020-01-12,Tampa Bay Lightning,,New Jersey Devils,,,,
2020-01-12,Nashville Predators,,Winnipeg Jets,,,,
2020-01-13,Calgary Flames,,Montreal Canadiens,,,,
2020-01-13,New York Islanders,,New York Rangers,,,,
2020-01-13,Boston Bruins,,Philadelphia Flyers,,,,
2020-01-13,Anaheim Ducks,,St. Louis Blues,,,,
2020-01-13,Carolina Hurricanes,,Washington Capitals,,,,
2020-01-14,San Jose Sharks,,Arizona Coyotes,,,,
2020-01-14,Vegas Golden Knights,,Buffalo Sabres,,,,
2020-01-14,Boston Bruins,,Columbus Blue Jackets,,,,
2020-01-14,Dallas Stars,,Colorado Avalanche,,,,
2020-01-14,Nashville Predators,,Edmonton Oilers,,,,
2020-01-14,Detroit Red Wings,,New York Islanders,,,,
2020-01-14,Chicago Blackhawks,,Ottawa Senators,,,,
2020-01-14,Minnesota Wild,,Pittsburgh Penguins,,,,
2020-01-14,Los Angeles Kings,,Tampa Bay Lightning,,,,
2020-01-14,New Jersey Devils,,Toronto Maple Leafs,,,,
2020-01-14,Vancouver Canucks,,Winnipeg Jets,,,,
2020-01-15,Chicago Blackhawks,,Montreal Canadiens,,,,
2020-01-15,Philadelphia Flyers,,St. Louis Blues,,,,
2020-01-16,Pittsburgh Penguins,,Boston Bruins,,,,
2020-01-16,Carolina Hurricanes,,Columbus Blue Jackets,,,,
2020-01-16,San Jose Sharks,,Colorado Avalanche,,,,
2020-01-16,Buffalo Sabres,,Dallas Stars,,,,
2020-01-16,Los Angeles Kings,,Florida Panthers,,,,
2020-01-16,Tampa Bay Lightning,,Minnesota Wild,,,,
2020-01-16,Anaheim Ducks,,Nashville Predators,,,,
2020-01-16,New York Rangers,,New York Islanders,,,,
2020-01-16,Vegas Golden Knights,,Ottawa Senators,,,,
2020-01-16,Montreal Canadiens,,Philadelphia Flyers,,,,
2020-01-16,Calgary Flames,,Toronto Maple Leafs,,,,
2020-01-16,Arizona Coyotes,,Vancouver Canucks,,,,
2020-01-16,New Jersey Devils,,Washington Capitals,,,,
2020-01-17,Anaheim Ducks,,Carolina Hurricanes,,,,
2020-01-17,Pittsburgh Penguins,,Detroit Red Wings,,,,
2020-01-17,Tampa Bay Lightning,,Winnipeg Jets,,,,
2020-01-18,New Jersey Devils,,Columbus Blue Jackets,,,,
2020-01-18,St. Louis Blues,,Colorado Avalanche,,,,
2020-01-18,Florida Panthers,,Detroit Red Wings,,,,
2020-01-18,Arizona Coyotes,,Edmonton Oilers,,,,
2020-01-18,Dallas Stars,,Minnesota Wild,,,,
2020-01-18,Vegas Golden Knights,,Montreal Canadiens,,,,
2020-01-18,Buffalo Sabres,,Nashville Predators,,,,
2020-01-18,Washington Capitals,,New York Islanders,,,,
2020-01-18,Calgary Flames,,Ottawa Senators,,,,
2020-01-18,Los Angeles Kings,,Philadelphia Flyers,,,,
2020-01-18,Chicago Blackhawks,,Toronto Maple Leafs,,,,
2020-01-18,San Jose Sharks,,Vancouver Canucks,,,,
2020-01-19,New York Islanders,,Carolina Hurricanes,,,,
2020-01-19,Winnipeg Jets,,Chicago Blackhawks,,,,
2020-01-19,Columbus Blue Jackets,,New York Rangers,,,,
2020-01-19,Boston Bruins,,Pittsburgh Penguins,,,,
2020-01-20,Detroit Red Wings,,Colorado Avalanche,,,,
2020-01-20,Florida Panthers,,Minnesota Wild,,,,
2020-01-21,Vegas Golden Knights,,Boston Bruins,,,,
2020-01-21,Winnipeg Jets,,Carolina Hurricanes,,,,
2020-01-21,Florida Panthers,,Chicago Blackhawks,,,,
2020-01-21,New York Islanders,,New York Rangers,,,,
2020-01-21,Pittsburgh Penguins,,Philadelphia Flyers,,,,
2020-01-22,Winnipeg Jets,,Columbus Blue Jackets,,,,
2020-01-22,Detroit Red Wings,,Minnesota Wild,,,,
2020-01-27,Tampa Bay Lightning,,Dallas Stars,,,,
2020-01-27,Washington Capitals,,Montreal Canadiens,,,,
2020-01-27,Toronto Maple Leafs,,Nashville Predators,,,,
2020-01-27,New Jersey Devils,,Ottawa Senators,,,,
2020-01-27,Anaheim Ducks,,San Jose Sharks,,,,
2020-01-27,St. Louis Blues,,Vancouver Canucks,,,,
2020-01-28,Ottawa Senators,,Buffalo Sabres,,,,
2020-01-28,St. Louis Blues,,Calgary Flames,,,,
2020-01-29,Arizona Coyotes,,Anaheim Ducks,,,,
2020-01-29,Toronto Maple Leafs,,Dallas Stars,,,,
2020-01-29,Calgary Flames,,Edmonton Oilers,,,,
2020-01-29,Tampa Bay Lightning,,Los Angeles Kings,,,,
2020-01-29,Vancouver Canucks,,San Jose Sharks,,,,
2020-01-29,Nashville Predators,,Washington Capitals,,,,
2020-01-30,Los Angeles Kings,,Arizona Coyotes,,,,
2020-01-30,Montreal Canadiens,,Buffalo Sabres,,,,
2020-01-30,Nashville Predators,,New Jersey Devils,,,,
2020-01-31,Tampa Bay Lightning,,Anaheim Ducks,,,,
2020-01-31,Vegas Golden Knights,,Carolina Hurricanes,,,,
2020-01-31,St. Louis Blues,,Edmonton Oilers,,,,
2020-01-31,Detroit Red Wings,,New York Rangers,,,,
2020-01-31,Washington Capitals,,Ottawa Senators,,,,
2020-01-31,Philadelphia Flyers,,Pittsburgh Penguins,,,,
2020-01-31,Boston Bruins,,Winnipeg Jets,,,,
2020-02-01,Chicago Blackhawks,,Arizona Coyotes,,,,
2020-02-01,Columbus Blue Jackets,,Buffalo Sabres,,,,
2020-02-01,Edmonton Oilers,,Calgary Flames,,,,
2020-02-01,New York Rangers,,Detroit Red Wings,,,,
2020-02-01,Anaheim Ducks,,Los Angeles Kings,,,,
2020-02-01,Boston Bruins,,Minnesota Wild,,,,
2020-02-01,Florida Panthers,,Montreal Canadiens,,,,
2020-02-01,Dallas Stars,,New Jersey Devils,,,,
2020-02-01,Vegas Golden Knights,,Nashville Predators,,,,
2020-02-01,Vancouver Canucks,,New York Islanders,,,,
2020-02-01,Colorado Avalanche,,Philadelphia Flyers,,,,
2020-02-01,Tampa Bay Lightning,,San Jose Sharks,,,,
2020-02-01,Ottawa Senators,,Toronto Maple Leafs,,,,
2020-02-01,St. Louis Blues,,Winnipeg Jets,,,,
2020-02-02,Vancouver Canucks,,Carolina Hurricanes,,,,
2020-02-02,Columbus Blue Jackets,,Montreal Canadiens,,,,
2020-02-02,Pittsburgh Penguins,,Washington Capitals,,,,
2020-02-03,Philadelphia Flyers,,Detroit Red Wings,,,,
2020-02-03,Dallas Stars,,New York Rangers,,,,
2020-02-03,Florida Panthers,,Toronto Maple Leafs,,,,
2020-02-04,Edmonton Oilers,,Arizona Coyotes,,,,
2020-02-04,Vancouver Canucks,,Boston Bruins,,,,
2020-02-04,Colorado Avalanche,,Buffalo Sabres,,,,
2020-02-04,Florida Panthers,,Columbus Blue Jackets,,,,
2020-02-04,San Jose Sharks,,Calgary Flames,,,,
2020-02-04,Chicago Blackhawks,,Minnesota Wild,,,,
2020-02-04,Montreal Canadiens,,New Jersey Devils,,,,
2020-02-04,Dallas Stars,,New York Islanders,,,,
2020-02-04,Anaheim Ducks,,Ottawa Senators,,,,
2020-02-04,Carolina Hurricanes,,St. Louis Blues,,,,
2020-02-04,Vegas Golden Knights,,Tampa Bay Lightning,,,,
2020-02-04,Nashville Predators,,Winnipeg Jets,,,,
2020-02-04,Los Angeles Kings,,Washington Capitals,,,,
2020-02-05,Boston Bruins,,Chicago Blackhawks,,,,
2020-02-05,Toronto Maple Leafs,,New York Rangers,,,,
2020-02-06,Carolina Hurricanes,,Arizona Coyotes,,,,
2020-02-06,Detroit Red Wings,,Buffalo Sabres,,,,
2020-02-06,Nashville Predators,,Calgary Flames,,,,
2020-02-06,San Jose Sharks,,Edmonton Oilers,,,,
2020-02-06,Vegas Golden Knights,,Florida Panthers,,,,
2020-02-06,Vancouver Canucks,,Minnesota Wild,,,,
2020-02-06,Anaheim Ducks,,Montreal Canadiens,,,,
2020-02-06,Los Angeles Kings,,New York Islanders,,,,
2020-02-06,Colorado Avalanche,,Ottawa Senators,,,,
2020-02-06,New Jersey Devils,,Philadelphia Flyers,,,,
2020-02-06,Winnipeg Jets,,St. Louis Blues,,,,
2020-02-06,Pittsburgh Penguins,,Tampa Bay Lightning,,,,
2020-02-07,Detroit Red Wings,,Columbus Blue Jackets,,,,
2020-02-07,Minnesota Wild,,Dallas Stars,,,,
2020-02-07,Buffalo Sabres,,New York Rangers,,,,
2020-02-07,Anaheim Ducks,,Toronto Maple Leafs,,,,
2020-02-08,Arizona Coyotes,,Boston Bruins,,,,
2020-02-08,Colorado Avalanche,,Columbus Blue Jackets,,,,
2020-02-08,Nashville Predators,,Edmonton Oilers,,,,
2020-02-08,Pittsburgh Penguins,,Florida Panthers,,,,
2020-02-08,Toronto Maple Leafs,,Montreal Canadiens,,,,
2020-02-08,Los Angeles Kings,,New Jersey Devils,,,,
2020-02-08,Dallas Stars,,St. Louis Blues,,,,
2020-02-08,New York Islanders,,Tampa Bay Lightning,,,,
2020-02-08,Calgary Flames,,Vancouver Canucks,,,,
2020-02-08,Carolina Hurricanes,,Vegas Golden Knights,,,,
2020-02-08,Ottawa Senators,,Winnipeg Jets,,,,
2020-02-08,Philadelphia Flyers,,Washington Capitals,,,,
2020-02-09,Anaheim Ducks,,Buffalo Sabres,,,,
2020-02-09,Boston Bruins,,Detroit Red Wings,,,,
2020-02-09,Colorado Avalanche,,Minnesota Wild,,,,
2020-02-09,Los Angeles Kings,,New York Rangers,,,,
2020-02-09,Chicago Blackhawks,,Winnipeg Jets,,,,
2020-02-10,Tampa Bay Lightning,,Columbus Blue Jackets,,,,
2020-02-10,Arizona Coyotes,,Montreal Canadiens,,,,
2020-02-10,Florida Panthers,,Philadelphia Flyers,,,,
2020-02-10,Calgary Flames,,San Jose Sharks,,,,
2020-02-10,Nashville Predators,,Vancouver Canucks,,,,
2020-02-10,New York Islanders,,Washington Capitals,,,,
2020-02-11,St. Louis Blues,,Anaheim Ducks,,,,
2020-02-11,Detroit Red Wings,,Buffalo Sabres,,,,
2020-02-11,Ottawa Senators,,Colorado Avalanche,,,,
2020-02-11,Carolina Hurricanes,,Dallas Stars,,,,
2020-02-11,Chicago Blackhawks,,Edmonton Oilers,,,,
2020-02-11,Vegas Golden Knights,,Minnesota Wild,,,,
2020-02-11,Florida Panthers,,New Jersey Devils,,,,
2020-02-11,Philadelphia Flyers,,New York Islanders,,,,
2020-02-11,Tampa Bay Lightning,,Pittsburgh Penguins,,,,
2020-02-11,Arizona Coyotes,,Toronto Maple Leafs,,,,
2020-02-11,New York Rangers,,Winnipeg Jets,,,,
2020-02-12,Montreal Canadiens,,Boston Bruins,,,,
2020-02-12,Calgary Flames,,Los Angeles Kings,,,,
2020-02-12,Chicago Blackhawks,,Vancouver Canucks,,,,
2020-02-13,Calgary Flames,,Anaheim Ducks,,,,
2020-02-13,Columbus Blue Jackets,,Buffalo Sabres,,,,
2020-02-13,Washington Capitals,,Colorado Avalanche,,,,
2020-02-13,Philadelphia Flyers,,Florida Panthers,,,,
2020-02-13,New York Rangers,,Minnesota Wild,,,,
2020-02-13,Detroit Red Wings,,New Jersey Devils,,,,
2020-02-13,New York Islanders,,Nashville Predators,,,,
2020-02-13,Arizona Coyotes,,Ottawa Senators,,,,
2020-02-13,Edmonton Oilers,,Tampa Bay Lightning,,,,
2020-02-13,Dallas Stars,,Toronto Maple Leafs,,,,
2020-02-13,St. Louis Blues,,Vegas Golden Knights,,,,
2020-02-14,New Jersey Devils,,Carolina Hurricanes,,,,
2020-02-14,New York Rangers,,Columbus Blue Jackets,,,,
2020-02-14,Montreal Canadiens,,Pittsburgh Penguins,,,,
2020-02-14,San Jose Sharks,,Winnipeg Jets,,,,
2020-02-15,Washington Capitals,,Arizona Coyotes,,,,
2020-02-15,Detroit Red Wings,,Boston Bruins,,,,
2020-02-15,Chicago Blackhawks,,Calgary Flames,,,,
2020-02-15,Los Angeles Kings,,Colorado Avalanche,,,,
2020-02-15,Edmonton Oilers,,Florida Panthers,,,,
2020-02-15,San Jose Sharks,,Minnesota Wild,,,,
2020-02-15,Dallas Stars,,Montreal Canadiens,,,,
2020-02-15,Toronto Maple Leafs,,Ottawa Senators,,,,
2020-02-15,Nashville Predators,,St. Louis Blues,,,,
2020-02-15,Philadelphia Flyers,,Tampa Bay Lightning,,,,
2020-02-15,New York Islanders,,Vegas Golden Knights,,,,
2020-02-16,Toronto Maple Leafs,,Buffalo Sabres,,,,
2020-02-16,Edmonton Oilers,,Carolina Hurricanes,,,,
2020-02-16,Columbus Blue Jackets,,New Jersey Devils,,,,
2020-02-16,St. Louis Blues,,Nashville Predators,,,,
2020-02-16,Boston Bruins,,New York Rangers,,,,
2020-02-16,Dallas Stars,,Ottawa Senators,,,,
2020-02-16,Detroit Red Wings,,Pittsburgh Penguins,,,,
2020-02-16,Anaheim Ducks,,Vancouver Canucks,,,,
2020-02-16,Chicago Blackhawks,,Winnipeg Jets,,,,
2020-02-17,New York Islanders,,Arizona Coyotes,,,,
2020-02-17,Anaheim Ducks,,Calgary Flames,,,,
2020-02-17,Tampa Bay Lightning,,Colorado Avalanche,,,,
2020-02-17,Florida Panthers,,San Jose Sharks,,,,
2020-02-17,Washington Capitals,,Vegas Golden Knights,,,,
2020-02-18,Montreal Canadiens,,Detroit Red Wings,,,,
2020-02-18,Carolina Hurricanes,,Nashville Predators,,,,
2020-02-18,Buffalo Sabres,,Ottawa Senators,,,,
2020-02-18,Columbus Blue Jackets,,Philadelphia Flyers,,,,
2020-02-18,Toronto Maple Leafs,,Pittsburgh Penguins,,,,
2020-02-18,New Jersey Devils,,St. Louis Blues,,,,
2020-02-18,Los Angeles Kings,,Winnipeg Jets,,,,
2020-02-19,Florida Panthers,,Anaheim Ducks,,,,
2020-02-19,New York Rangers,,Chicago Blackhawks,,,,
2020-02-19,New York Islanders,,Colorado Avalanche,,,,
2020-02-19,Arizona Coyotes,,Dallas Stars,,,,
2020-02-19,Boston Bruins,,Edmonton Oilers,,,,
2020-02-19,Minnesota Wild,,Vancouver Canucks,,,,
2020-02-20,Philadelphia Flyers,,Columbus Blue Jackets,,,,
2020-02-20,Florida Panthers,,Los Angeles Kings,,,,
2020-02-20,San Jose Sharks,,New Jersey Devils,,,,
2020-02-20,Winnipeg Jets,,Ottawa Senators,,,,
2020-02-20,Arizona Coyotes,,St. Louis Blues,,,,
2020-02-20,Pittsburgh Penguins,,Toronto Maple Leafs,,,,
2020-02-20,Tampa Bay Lightning,,Vegas Golden Knights,,,,
2020-02-20,Montreal Canadiens,,Washington Capitals,,,,
2020-02-21,Colorado Avalanche,,Anaheim Ducks,,,,
2020-02-21,New York Rangers,,Carolina Hurricanes,,,,
2020-02-21,Boston Bruins,,Calgary Flames,,,,
2020-02-21,Nashville Predators,,Chicago Blackhawks,,,,
2020-02-21,St. Louis Blues,,Dallas Stars,,,,
2020-02-21,Minnesota Wild,,Edmonton Oilers,,,,
2020-02-21,Detroit Red Wings,,New York Islanders,,,,
2020-02-22,Tampa Bay Lightning,,Arizona Coyotes,,,,
2020-02-22,Colorado Avalanche,,Los Angeles Kings,,,,
2020-02-22,Washington Capitals,,New Jersey Devils,,,,
2020-02-22,Columbus Blue Jackets,,Nashville Predators,,,,
2020-02-22,San Jose Sharks,,New York Rangers,,,,
2020-02-22,Montreal Canadiens,,Ottawa Senators,,,,
2020-02-22,Winnipeg Jets,,Philadelphia Flyers,,,,
2020-02-22,Buffalo Sabres,,Pittsburgh Penguins,,,,
2020-02-22,Carolina Hurricanes,,Toronto Maple Leafs,,,,
2020-02-22,Boston Bruins,,Vancouver Canucks,,,,
2020-02-22,Florida Panthers,,Vegas Golden Knights,,,,
2020-02-23,Vegas Golden Knights,,Anaheim Ducks,,,,
2020-02-23,Winnipeg Jets,,Buffalo Sabres,,,,
2020-02-23,Chicago Blackhawks,,Dallas Stars,,,,
2020-02-23,Calgary Flames,,Detroit Red Wings,,,,
2020-02-23,Edmonton Oilers,,Los Angeles Kings,,,,
2020-02-23,St. Louis Blues,,Minnesota Wild,,,,
2020-02-23,San Jose Sharks,,New York Islanders,,,,
2020-02-23,Pittsburgh Penguins,,Washington Capitals,,,,
2020-02-24,Ottawa Senators,,Columbus Blue Jackets,,,,
2020-02-25,Edmonton Oilers,,Anaheim Ducks,,,,
2020-02-25,Florida Panthers,,Arizona Coyotes,,,,
2020-02-25,Calgary Flames,,Boston Bruins,,,,
2020-02-25,Dallas Stars,,Carolina Hurricanes,,,,
2020-02-25,New Jersey Devils,,Detroit Red Wings,,,,
2020-02-25,Columbus Blue Jackets,,Minnesota Wild,,,,
2020-02-25,Vancouver Canucks,,Montreal Canadiens,,,,
2020-02-25,Ottawa Senators,,Nashville Predators,,,,
2020-02-25,New York Rangers,,New York Islanders,,,,
2020-02-25,San Jose Sharks,,Philadelphia Flyers,,,,
2020-02-25,Chicago Blackhawks,,St. Louis Blues,,,,
2020-02-25,Toronto Maple Leafs,,Tampa Bay Lightning,,,,
2020-02-25,Winnipeg Jets,,Washington Capitals,,,,
2020-02-26,Buffalo Sabres,,Colorado Avalanche,,,,
2020-02-26,Pittsburgh Penguins,,Los Angeles Kings,,,,
2020-02-26,Edmonton Oilers,,Vegas Golden Knights,,,,
2020-02-27,Dallas Stars,,Boston Bruins,,,,
2020-02-27,Minnesota Wild,,Detroit Red Wings,,,,
2020-02-27,Toronto Maple Leafs,,Florida Panthers,,,,
2020-02-27,New York Rangers,,Montreal Canadiens,,,,
2020-02-27,Calgary Flames,,Nashville Predators,,,,
2020-02-27,Vancouver Canucks,,Ottawa Senators,,,,
2020-02-27,New Jersey Devils,,San Jose Sharks,,,,
2020-02-27,New York Islanders,,St. Louis Blues,,,,
2020-02-27,Chicago Blackhawks,,Tampa Bay Lightning,,,,
2020-02-27,Washington Capitals,,Winnipeg Jets,,,,
2020-02-28,Pittsburgh Penguins,,Anaheim Ducks,,,,
2020-02-28,Colorado Avalanche,,Carolina Hurricanes,,,,
2020-02-28,Minnesota Wild,,Columbus Blue Jackets,,,,
2020-02-28,New York Rangers,,Philadelphia Flyers,,,,
2020-02-28,Buffalo Sabres,,Vegas Golden Knights,,,,
2020-02-29,Buffalo Sabres,,Arizona Coyotes,,,,
2020-02-29,Winnipeg Jets,,Edmonton Oilers,,,,
2020-02-29,Chicago Blackhawks,,Florida Panthers,,,,
2020-02-29,New Jersey Devils,,Los Angeles Kings,,,,
2020-02-29,Carolina Hurricanes,,Montreal Canadiens,,,,
2020-02-29,Colorado Avalanche,,Nashville Predators,,,,
2020-02-29,Boston Bruins,,New York Islanders,,,,
2020-02-29,Detroit Red Wings,,Ottawa Senators,,,,
2020-02-29,Pittsburgh Penguins,,San Jose Sharks,,,,
2020-02-29,Dallas Stars,,St. Louis Blues,,,,
2020-02-29,Calgary Flames,,Tampa Bay Lightning,,,,
2020-02-29,Vancouver Canucks,,Toronto Maple Leafs,,,,
2020-03-01,New Jersey Devils,,Anaheim Ducks,,,,
2020-03-01,Vancouver Canucks,,Columbus Blue Jackets,,,,
2020-03-01,Calgary Flames,,Florida Panthers,,,,
2020-03-01,Washington Capitals,,Minnesota Wild,,,,
2020-03-01,Philadelphia Flyers,,New York Rangers,,,,
2020-03-01,Los Angeles Kings,,Vegas Golden Knights,,,,
2020-03-02,Colorado Avalanche,,Detroit Red Wings,,,,
2020-03-02,Edmonton Oilers,,Nashville Predators,,,,
2020-03-03,Anaheim Ducks,,Chicago Blackhawks,,,,
2020-03-03,Edmonton Oilers,,Dallas Stars,,,,
2020-03-03,Nashville Predators,,Minnesota Wild,,,,
2020-03-03,Montreal Canadiens,,New York Islanders,,,,
2020-03-03,St. Louis Blues,,New York Rangers,,,,
2020-03-03,Ottawa Senators,,Pittsburgh Penguins,,,,
2020-03-03,Toronto Maple Leafs,,San Jose Sharks,,,,
2020-03-03,Boston Bruins,,Tampa Bay Lightning,,,,
2020-03-03,New Jersey Devils,,Vegas Golden Knights,,,,
2020-03-03,Buffalo Sabres,,Winnipeg Jets,,,,
2020-03-04,Columbus Blue Jackets,,Calgary Flames,,,,
2020-03-04,Anaheim Ducks,,Colorado Avalanche,,,,
2020-03-04,Arizona Coyotes,,Vancouver Canucks,,,,
2020-03-04,Philadelphia Flyers,,Washington Capitals,,,,
2020-03-05,Pittsburgh Penguins,,Buffalo Sabres,,,,
2020-03-05,Edmonton Oilers,,Chicago Blackhawks,,,,
2020-03-05,Boston Bruins,,Florida Panthers,,,,
2020-03-05,Toronto Maple Leafs,,Los Angeles Kings,,,,
2020-03-05,Dallas Stars,,Nashville Predators,,,,
2020-03-05,Washington Capitals,,New York Rangers,,,,
2020-03-05,New York Islanders,,Ottawa Senators,,,,
2020-03-05,Carolina Hurricanes,,Philadelphia Flyers,,,,
2020-03-05,Minnesota Wild,,San Jose Sharks,,,,
2020-03-05,Montreal Canadiens,,Tampa Bay Lightning,,,,
2020-03-06,Toronto Maple Leafs,,Anaheim Ducks,,,,
2020-03-06,Arizona Coyotes,,Calgary Flames,,,,
2020-03-06,Chicago Blackhawks,,Detroit Red Wings,,,,
2020-03-06,St. Louis Blues,,New Jersey Devils,,,,
2020-03-06,Colorado Avalanche,,Vancouver Canucks,,,,
2020-03-06,Vegas Golden Knights,,Winnipeg Jets,,,,
2020-03-07,Tampa Bay Lightning,,Boston Bruins,,,,
2020-03-07,Nashville Predators,,Dallas Stars,,,,
2020-03-07,Columbus Blue Jackets,,Edmonton Oilers,,,,
2020-03-07,Montreal Canadiens,,Florida Panthers,,,,
2020-03-07,Minnesota Wild,,Los Angeles Kings,,,,
2020-03-07,Carolina Hurricanes,,New York Islanders,,,,
2020-03-07,New Jersey Devils,,New York Rangers,,,,
2020-03-07,Buffalo Sabres,,Philadelphia Flyers,,,,
2020-03-07,Washington Capitals,,Pittsburgh Penguins,,,,
2020-03-07,Ottawa Senators,,San Jose Sharks,,,,
2020-03-08,Minnesota Wild,,Anaheim Ducks,,,,
2020-03-08,Vegas Golden Knights,,Calgary Flames,,,,
2020-03-08,St. Louis Blues,,Chicago Blackhawks,,,,
2020-03-08,Tampa Bay Lightning,,Detroit Red Wings,,,,
2020-03-08,Carolina Hurricanes,,Pittsburgh Penguins,,,,
2020-03-08,Colorado Avalanche,,San Jose Sharks,,,,
2020-03-08,Columbus Blue Jackets,,Vancouver Canucks,,,,
2020-03-09,Washington Capitals,,Buffalo Sabres,,,,
2020-03-09,Vegas Golden Knights,,Edmonton Oilers,,,,
2020-03-09,Colorado Avalanche,,Los Angeles Kings,,,,
2020-03-09,Arizona Coyotes,,Winnipeg Jets,,,,
2020-03-10,Ottawa Senators,,Anaheim Ducks,,,,
2020-03-10,New York Rangers,,Dallas Stars,,,,
2020-03-10,Carolina Hurricanes,,Detroit Red Wings,,,,
2020-03-10,Nashville Predators,,Montreal Canadiens,,,,
2020-03-10,Pittsburgh Penguins,,New Jersey Devils,,,,
2020-03-10,Boston Bruins,,Philadelphia Flyers,,,,
2020-03-10,Florida Panthers,,St. Louis Blues,,,,
2020-03-10,Tampa Bay Lightning,,Toronto Maple Leafs,,,,
2020-03-10,New York Islanders,,Vancouver Canucks,,,,
2020-03-11,San Jose Sharks,,Chicago Blackhawks,,,,
2020-03-11,New York Rangers,,Colorado Avalanche,,,,
2020-03-11,Winnipeg Jets,,Edmonton Oilers,,,,
2020-03-11,Ottawa Senators,,Los Angeles Kings,,,,
2020-03-12,Vancouver Canucks,,Arizona Coyotes,,,,
2020-03-12,Pittsburgh Penguins,,Columbus Blue Jackets,,,,
2020-03-12,New York Islanders,,Calgary Flames,,,,
2020-03-12,Florida Panthers,,Dallas Stars,,,,
2020-03-12,Vegas Golden Knights,,Minnesota Wild,,,,
2020-03-12,Buffalo Sabres,,Montreal Canadiens,,,,
2020-03-12,Carolina Hurricanes,,New Jersey Devils,,,,
2020-03-12,Philadelphia Flyers,,Tampa Bay Lightning,,,,
2020-03-12,Nashville Predators,,Toronto Maple Leafs,,,,
2020-03-12,Detroit Red Wings,,Washington Capitals,,,,
2020-03-13,Boston Bruins,,Buffalo Sabres,,,,
2020-03-13,Ottawa Senators,,Chicago Blackhawks,,,,
2020-03-13,Vancouver Canucks,,Colorado Avalanche,,,,
2020-03-13,New York Islanders,,Edmonton Oilers,,,,
2020-03-13,San Jose Sharks,,St. Louis Blues,,,,
2020-03-14,New York Rangers,,Arizona Coyotes,,,,
2020-03-14,Toronto Maple Leafs,,Boston Bruins,,,,
2020-03-14,Pittsburgh Penguins,,Carolina Hurricanes,,,,
2020-03-14,Nashville Predators,,Columbus Blue Jackets,,,,
2020-03-14,Winnipeg Jets,,Calgary Flames,,,,
2020-03-14,San Jose Sharks,,Dallas Stars,,,,
2020-03-14,New Jersey Devils,,Florida Panthers,,,,
2020-03-14,Anaheim Ducks,,Los Angeles Kings,,,,
2020-03-14,Minnesota Wild,,Philadelphia Flyers,,,,
2020-03-14,Detroit Red Wings,,Tampa Bay Lightning,,,,
2020-03-14,Chicago Blackhawks,,Washington Capitals,,,,
2020-03-15,Montreal Canadiens,,Anaheim Ducks,,,,
2020-03-15,Carolina Hurricanes,,Buffalo Sabres,,,,
2020-03-15,Vegas Golden Knights,,Colorado Avalanche,,,,
2020-03-15,Nashville Predators,,Minnesota Wild,,,,
2020-03-15,Edmonton Oilers,,Philadelphia Flyers,,,,
2020-03-15,New York Islanders,,Pittsburgh Penguins,,,,
2020-03-15,Ottawa Senators,,St. Louis Blues,,,,
2020-03-15,New Jersey Devils,,Tampa Bay Lightning,,,,
2020-03-15,Winnipeg Jets,,Vancouver Canucks,,,,
2020-03-16,Dallas Stars,,Arizona Coyotes,,,,
2020-03-16,Columbus Blue Jackets,,Boston Bruins,,,,
2020-03-16,Florida Panthers,,Detroit Red Wings,,,,
2020-03-16,Calgary Flames,,New York Rangers,,,,
2020-03-16,Edmonton Oilers,,Washington Capitals,,,,
2020-03-17,Buffalo Sabres,,Carolina Hurricanes,,,,
2020-03-17,San Jose Sharks,,Colorado Avalanche,,,,
2020-03-17,Montreal Canadiens,,Los Angeles Kings,,,,
2020-03-17,Chicago Blackhawks,,Minnesota Wild,,,,
2020-03-17,Calgary Flames,,New York Islanders,,,,
2020-03-17,St. Louis Blues,,Philadelphia Flyers,,,,
2020-03-17,New Jersey Devils,,Toronto Maple Leafs,,,,
2020-03-17,Dallas Stars,,Vegas Golden Knights,,,,
2020-03-17,Florida Panthers,,Winnipeg Jets,,,,
2020-03-18,Boston Bruins,,Anaheim Ducks,,,,
2020-03-18,Vegas Golden Knights,,Arizona Coyotes,,,,
2020-03-18,Pittsburgh Penguins,,New York Rangers,,,,
2020-03-18,Edmonton Oilers,,Ottawa Senators,,,,
2020-03-18,Tampa Bay Lightning,,Vancouver Canucks,,,,
2020-03-19,St. Louis Blues,,Carolina Hurricanes,,,,
2020-03-19,Washington Capitals,,Columbus Blue Jackets,,,,
2020-03-19,Minnesota Wild,,Chicago Blackhawks,,,,
2020-03-19,Buffalo Sabres,,Florida Panthers,,,,
2020-03-19,Boston Bruins,,Los Angeles Kings,,,,
2020-03-19,Calgary Flames,,New Jersey Devils,,,,
2020-03-19,Colorado Avalanche,,Nashville Predators,,,,
2020-03-19,Montreal Canadiens,,San Jose Sharks,,,,
2020-03-19,New York Islanders,,Toronto Maple Leafs,,,,
2020-03-20,Vancouver Canucks,,Anaheim Ducks,,,,
2020-03-20,Detroit Red Wings,,Arizona Coyotes,,,,
2020-03-20,Philadelphia Flyers,,Dallas Stars,,,,
2020-03-20,Tampa Bay Lightning,,Edmonton Oilers,,,,
2020-03-20,New York Rangers,,Pittsburgh Penguins,,,,
2020-03-20,Minnesota Wild,,Winnipeg Jets,,,,
2020-03-20,Ottawa Senators,,Washington Capitals,,,,
2020-03-21,Chicago Blackhawks,,Buffalo Sabres,,,,
2020-03-21,Ottawa Senators,,Carolina Hurricanes,,,,
2020-03-21,Tampa Bay Lightning,,Calgary Flames,,,,
2020-03-21,Montreal Canadiens,,Colorado Avalanche,,,,
2020-03-21,St. Louis Blues,,Florida Panthers,,,,
2020-03-21,Vancouver Canucks,,Los Angeles Kings,,,,
2020-03-21,New York Islanders,,New Jersey Devils,,,,
2020-03-21,Philadelphia Flyers,,Nashville Predators,,,,
2020-03-21,Boston Bruins,,San Jose Sharks,,,,
2020-03-21,Columbus Blue Jackets,,Toronto Maple Leafs,,,,
2020-03-21,Detroit Red Wings,,Vegas Golden Knights,,,,
2020-03-22,New York Rangers,,Buffalo Sabres,,,,
2020-03-22,Nashville Predators,,Chicago Blackhawks,,,,
2020-03-22,Winnipeg Jets,,Dallas Stars,,,,
2020-03-22,Arizona Coyotes,,Los Angeles Kings,,,,
2020-03-22,Carolina Hurricanes,,New York Islanders,,,,
2020-03-22,Washington Capitals,,Pittsburgh Penguins,,,,
2020-03-23,San Jose Sharks,,Calgary Flames,,,,
2020-03-23,Anaheim Ducks,,Edmonton Oilers,,,,
2020-03-23,Colorado Avalanche,,Minnesota Wild,,,,
2020-03-23,Columbus Blue Jackets,,New Jersey Devils,,,,
2020-03-23,Florida Panthers,,Toronto Maple Leafs,,,,
2020-03-23,Vancouver Canucks,,Vegas Golden Knights,,,,
2020-03-24,Detroit Red Wings,,Boston Bruins,,,,
2020-03-24,Los Angeles Kings,,Dallas Stars,,,,
2020-03-24,Buffalo Sabres,,Montreal Canadiens,,,,
2020-03-24,Winnipeg Jets,,Nashville Predators,,,,
2020-03-24,Columbus Blue Jackets,,New York Rangers,,,,
2020-03-24,Florida Panthers,,Ottawa Senators,,,,
2020-03-24,New York Islanders,,Philadelphia Flyers,,,,
2020-03-24,Carolina Hurricanes,,Pittsburgh Penguins,,,,
2020-03-24,St. Louis Blues,,Washington Capitals,,,,
2020-03-25,Anaheim Ducks,,Calgary Flames,,,,
2020-03-25,Pittsburgh Penguins,,Chicago Blackhawks,,,,
2020-03-25,Colorado Avalanche,,Edmonton Oilers,,,,
2020-03-25,Toronto Maple Leafs,,Tampa Bay Lightning,,,,
2020-03-25,San Jose Sharks,,Vancouver Canucks,,,,
2020-03-25,Arizona Coyotes,,Vegas Golden Knights,,,,
2020-03-26,Ottawa Senators,,Boston Bruins,,,,
2020-03-26,Toronto Maple Leafs,,Carolina Hurricanes,,,,
2020-03-26,Philadelphia Flyers,,Detroit Red Wings,,,,
2020-03-26,New Jersey Devils,,Minnesota Wild,,,,
2020-03-26,Florida Panthers,,Montreal Canadiens,,,,
2020-03-26,Los Angeles Kings,,Nashville Predators,,,,
2020-03-26,Buffalo Sabres,,New York Islanders,,,,
2020-03-26,New York Rangers,,Washington Capitals,,,,
2020-03-27,Dallas Stars,,Chicago Blackhawks,,,,
2020-03-27,San Jose Sharks,,Edmonton Oilers,,,,
2020-03-27,Los Angeles Kings,,St. Louis Blues,,,,
2020-03-27,Columbus Blue Jackets,,Tampa Bay Lightning,,,,
2020-03-27,Calgary Flames,,Vancouver Canucks,,,,
2020-03-27,Colorado Avalanche,,Winnipeg Jets,,,,
2020-03-28,Nashville Predators,,Arizona Coyotes,,,,
2020-03-28,Florida Panthers,,Boston Bruins,,,,
2020-03-28,Pittsburgh Penguins,,Carolina Hurricanes,,,,
2020-03-28,Columbus Blue Jackets,,Dallas Stars,,,,
2020-03-28,Washington Capitals,,Detroit Red Wings,,,,
2020-03-28,Buffalo Sabres,,Minnesota Wild,,,,
2020-03-28,New York Islanders,,Montreal Canadiens,,,,
2020-03-28,Philadelphia Flyers,,New Jersey Devils,,,,
2020-03-28,Toronto Maple Leafs,,Ottawa Senators,,,,
2020-03-28,New York Rangers,,Tampa Bay Lightning,,,,
2020-03-28,Anaheim Ducks,,Vancouver Canucks,,,,
2020-03-29,Los Angeles Kings,,Chicago Blackhawks,,,,
2020-03-29,Nashville Predators,,Colorado Avalanche,,,,
2020-03-29,Anaheim Ducks,,Edmonton Oilers,,,,
2020-03-29,Carolina Hurricanes,,New Jersey Devils,,,,
2020-03-29,Pittsburgh Penguins,,Philadelphia Flyers,,,,
2020-03-29,Arizona Coyotes,,San Jose Sharks,,,,
2020-03-29,Minnesota Wild,,St. Louis Blues,,,,
2020-03-29,Vegas Golden Knights,,Winnipeg Jets,,,,
2020-03-30,Washington Capitals,,Buffalo Sabres,,,,
2020-03-30,New York Islanders,,Columbus Blue Jackets,,,,
2020-03-30,Vancouver Canucks,,Dallas Stars,,,,
2020-03-30,New York Rangers,,Florida Panthers,,,,
2020-03-31,Boston Bruins,,Carolina Hurricanes,,,,
2020-03-31,Winnipeg Jets,,Calgary Flames,,,,
2020-03-31,Montreal Canadiens,,Chicago Blackhawks,,,,
2020-03-31,Arizona Coyotes,,Colorado Avalanche,,,,
2020-03-31,Vegas Golden Knights,,Edmonton Oilers,,,,
2020-03-31,San Jose Sharks,,Los Angeles Kings,,,,
2020-03-31,Minnesota Wild,,New York Islanders,,,,
2020-03-31,New Jersey Devils,,Pittsburgh Penguins,,,,
2020-03-31,Detroit Red Wings,,St. Louis Blues,,,,
2020-03-31,Ottawa Senators,,Tampa Bay Lightning,,,,
2020-03-31,Toronto Maple Leafs,,Washington Capitals,,,,
2020-04-01,Dallas Stars,,Anaheim Ducks,,,,
2020-04-01,Montreal Canadiens,,Nashville Predators,,,,
2020-04-01,Philadelphia Flyers,,New York Rangers,,,,
2020-04-02,Vancouver Canucks,,Arizona Coyotes,,,,
2020-04-02,Tampa Bay Lightning,,Columbus Blue Jackets,,,,
2020-04-02,Vegas Golden Knights,,Calgary Flames,,,,
2020-04-02,Winnipeg Jets,,Colorado Avalanche,,,,
2020-04-02,Ottawa Senators,,Florida Panthers,,,,
2020-04-02,Buffalo Sabres,,New Jersey Devils,,,,
2020-04-02,Chicago Blackhawks,,New York Islanders,,,,
2020-04-02,Nashville Predators,,Philadelphia Flyers,,,,
2020-04-02,New York Rangers,,Pittsburgh Penguins,,,,
2020-04-02,Dallas Stars,,San Jose Sharks,,,,
2020-04-02,Boston Bruins,,St. Louis Blues,,,,
2020-04-02,Detroit Red Wings,,Toronto Maple Leafs,,,,
2020-04-02,Minnesota Wild,,Washington Capitals,,,,
2020-04-03,Los Angeles Kings,,Anaheim Ducks,,,,
2020-04-03,Columbus Blue Jackets,,Carolina Hurricanes,,,,
2020-04-04,Winnipeg Jets,,Arizona Coyotes,,,,
2020-04-04,Carolina Hurricanes,,Boston Bruins,,,,
2020-04-04,Philadelphia Flyers,,Buffalo Sabres,,,,
2020-04-04,Edmonton Oilers,,Calgary Flames,,,,
2020-04-04,St. Louis Blues,,Colorado Avalanche,,,,
2020-04-04,Tampa Bay Lightning,,Detroit Red Wings,,,,
2020-04-04,Washington Capitals,,Florida Panthers,,,,
2020-04-04,Dallas Stars,,Los Angeles Kings,,,,
2020-04-04,Minnesota Wild,,Nashville Predators,,,,
2020-04-04,New Jersey Devils,,New York Islanders,,,,
2020-04-04,Chicago Blackhawks,,New York Rangers,,,,
2020-04-04,Pittsburgh Penguins,,Ottawa Senators,,,,
2020-04-04,Anaheim Ducks,,San Jose Sharks,,,,
2020-04-04,Montreal Canadiens,,Toronto Maple Leafs,,,,
2020-04-04,Vegas Golden Knights,,Vancouver Canucks,,,,
